City_ID,City,Country,Date,Lat,Lng,Max Temp,Humidity,Cloudiness,Wind Speed
0,Iqaluit,CA,2020-08-28 23:55:56,63.75,-68.51,48.2,66,75,5.82
1,Rikitea,PF,2020-08-28 23:55:56,-23.12,-134.97,69.28,66,0,5.77
2,Rorvik,NO,2020-08-28 23:55:57,64.86,11.24,53.1,66,32,11.97
3,Mataura,NZ,2020-08-28 23:51:59,-46.19,168.86,45.0,72,35,11.01
4,Pitogo,PH,2020-08-28 23:55:57,13.78,122.09,83.43,77,96,10.47
5,Saint-Philippe,RE,2020-08-28 23:55:57,-21.36,55.77,69.8,68,20,5.82
6,Jamestown,US,2020-08-28 23:55:57,42.1,-79.24,73.0,83,75,11.41
7,Petropavlovsk-Kamchatskiy,RU,2020-08-28 23:50:58,53.05,158.65,51.8,100,90,4.47
8,Hobart,AU,2020-08-28 23:55:58,-42.88,147.33,57.99,58,75,13.87
9,Luanda,AO,2020-08-28 23:55:39,-8.84,13.23,69.8,88,40,6.93
10,Khatanga,RU,2020-08-28 23:52:24,71.97,102.5,58.69,50,8,5.77
11,Victoria,HK,2020-08-28 23:55:58,22.29,114.16,86.0,79,60,3.89
12,Burlington,US,2020-08-28 23:55:31,39.88,-74.64,72.0,100,1,4.7
13,Bambous Virieux,MU,2020-08-28 23:55:58,-20.34,57.76,71.6,78,40,9.17
14,Atuona,PF,2020-08-28 23:55:59,-9.8,-139.03,78.06,79,63,21.59
15,Port Elizabeth,ZA,2020-08-28 23:52:03,-33.92,25.57,55.4,82,1,11.41
16,Ushuaia,AR,2020-08-28 23:52:05,-54.8,-68.3,33.8,94,90,11.41
17,Port Alfred,ZA,2020-08-28 23:55:59,-33.59,26.89,56.77,69,0,9.08
18,Vaini,TO,2020-08-28 23:52:02,-21.2,-175.2,78.8,74,75,11.41
19,Vardo,NO,2020-08-28 23:52:37,70.37,31.11,39.2,86,40,5.82
20,Harbour Breton,CA,2020-08-28 23:56:00,47.48,-55.8,59.0,100,37,5.01
21,Varna,BG,2020-08-28 23:52:15,43.22,27.92,70.0,100,20,4.7
22,Tuktoyaktuk,CA,2020-08-28 23:56:00,69.45,-133.04,53.6,58,20,12.75
23,Dikson,RU,2020-08-28 23:56:00,73.51,80.55,48.29,81,82,6.44
24,Impfondo,CG,2020-08-28 23:56:00,1.64,18.07,71.24,88,100,1.43
25,Norman Wells,CA,2020-08-28 23:56:01,65.28,-126.83,51.8,66,90,11.41
26,Henties Bay,NA,2020-08-28 23:56:01,-22.12,14.28,51.01,88,0,11.48
27,Pevek,RU,2020-08-28 23:56:01,69.7,170.31,40.57,87,71,1.39
28,Celestun,MX,2020-08-28 23:56:01,20.87,-90.4,85.05,78,78,10.31
29,Beloha,MG,2020-08-28 23:56:01,-25.17,45.05,71.62,58,11,5.19
30,Kodiak,US,2020-08-28 23:52:22,57.79,-152.41,59.04,66,0,3.09
31,Zhmerynka,UA,2020-08-28 23:51:14,49.04,28.11,54.55,78,7,3.69
32,Butaritari,KI,2020-08-28 23:56:02,3.07,172.79,82.27,74,99,15.14
33,Naze,JP,2020-08-28 23:56:02,28.37,129.48,86.0,89,20,10.29
34,Esperance,AU,2020-08-28 23:56:02,-33.87,121.9,50.0,87,75,24.16
35,Barrow,US,2020-08-28 23:56:03,71.29,-156.79,39.2,80,90,17.22
36,Katima Mulilo,NA,2020-08-28 23:56:03,-17.5,24.27,71.6,37,2,3.36
37,Saint-Leu,RE,2020-08-28 23:56:03,-21.15,55.28,69.8,68,20,5.82
38,Angoche,MZ,2020-08-28 23:56:03,-16.23,39.91,71.17,90,4,10.49
39,Narsaq,GL,2020-08-28 23:56:04,60.92,-46.05,60.8,31,100,28.86
40,Hamilton,US,2020-08-28 23:55:42,39.18,-84.53,80.01,83,1,7.09
41,Kampot,KH,2020-08-28 23:56:04,10.62,104.18,84.2,79,40,5.82
42,Upington,ZA,2020-08-28 23:56:04,-28.45,21.26,48.2,71,0,11.41
43,Tazovskiy,RU,2020-08-28 23:56:04,67.47,78.7,51.17,87,0,2.95
44,Awjilah,LY,2020-08-28 23:56:04,29.11,21.29,77.67,62,0,9.19
45,Pittsburg,US,2020-08-28 23:56:05,38.03,-121.88,88.0,35,1,17.22
46,Fort Nelson,CA,2020-08-28 23:52:13,58.81,-122.7,55.4,82,75,2.24
47,Katsuura,JP,2020-08-28 23:56:05,35.13,140.3,89.6,70,20,13.87
48,Cape Town,ZA,2020-08-28 23:56:05,-33.93,18.42,51.01,81,90,10.29
49,Longyearbyen,SJ,2020-08-28 23:56:05,78.22,15.64,33.8,92,90,3.36
50,Nome,US,2020-08-28 23:56:06,64.5,-165.41,59.0,82,90,4.7
51,Buala,SB,2020-08-28 23:56:06,-8.14,159.59,84.4,70,57,3.53
52,Bluff,NZ,2020-08-28 23:56:06,-46.6,168.33,45.0,72,91,11.01
53,Thompson,CA,2020-08-28 23:52:10,55.74,-97.86,60.8,77,75,6.93
54,Casablanca,MA,2020-08-28 23:51:23,33.59,-7.62,73.0,88,75,11.41
55,Baruun-Urt,MN,2020-08-28 23:56:06,46.68,113.28,58.23,87,36,9.01
56,Grand Gaube,MU,2020-08-28 23:52:43,-20.01,57.66,69.01,79,4,3.0
57,Viisoara,RO,2020-08-28 23:56:07,46.55,23.92,57.2,87,5,2.24
58,Yellowknife,CA,2020-08-28 23:56:07,62.46,-114.35,54.0,81,75,2.24
59,Leningradskiy,RU,2020-08-28 23:52:17,69.38,178.42,37.56,92,100,8.1
60,Tasiilaq,GL,2020-08-28 23:52:00,65.61,-37.64,42.8,93,100,1.12
61,Leshan,CN,2020-08-28 23:56:07,29.56,103.76,76.37,91,78,2.33
62,Mogadishu,SO,2020-08-28 23:56:08,2.04,45.34,76.57,82,73,11.77
63,Artsyz,UA,2020-08-28 23:56:08,45.99,29.42,64.45,84,3,3.8
64,Clyde River,CA,2020-08-28 23:52:16,70.47,-68.59,50.0,71,20,9.17
65,Ribeira Grande,PT,2020-08-28 23:56:08,38.52,-28.7,74.46,94,15,10.33
66,Punta Arenas,CL,2020-08-28 23:54:16,-53.15,-70.92,32.0,90,12,20.8
67,Hermanus,ZA,2020-08-28 23:56:09,-34.42,19.23,48.0,89,37,1.99
68,Buta,CD,2020-08-28 23:56:09,2.79,24.73,71.1,97,95,1.36
69,Coahuayana,MX,2020-08-28 23:52:18,18.73,-103.68,73.4,83,75,5.35
70,Chuy,UY,2020-08-28 23:56:09,-33.7,-53.46,56.08,98,42,4.41
71,Klaksvik,FO,2020-08-28 23:56:09,62.23,-6.59,46.4,87,78,11.36
72,Lompoc,US,2020-08-28 23:55:02,34.64,-120.46,69.01,68,1,14.99
73,Hofn,IS,2020-08-28 23:56:10,64.25,-15.21,51.93,60,36,5.37
74,Albany,US,2020-08-28 23:55:03,42.6,-73.97,71.01,80,65,1.92
75,Busselton,AU,2020-08-28 23:56:10,-33.65,115.33,48.0,81,14,11.43
76,Daud Khel,PK,2020-08-28 23:56:10,32.88,71.57,86.61,62,1,1.41
77,Tanout,NE,2020-08-28 23:56:10,14.97,8.89,81.0,62,43,16.26
78,Ancud,CL,2020-08-28 23:56:11,-41.87,-73.82,41.0,71,40,9.17
79,Basco,PH,2020-08-28 23:56:11,20.45,121.97,84.07,81,96,15.88
80,Pangoa,PE,2020-08-28 23:56:11,-12.12,-73.0,74.32,64,15,2.86
81,Omboue,GA,2020-08-28 23:52:18,-1.57,9.26,74.52,85,100,8.84
82,Dingle,PH,2020-08-28 23:56:11,11.0,122.67,81.1,81,100,5.5
83,Yelan,RU,2020-08-28 23:56:12,50.95,43.74,59.23,92,87,5.41
84,Chokurdakh,RU,2020-08-28 23:52:16,70.63,147.92,42.17,77,98,9.35
85,Qaanaaq,GL,2020-08-28 23:56:12,77.48,-69.36,40.05,88,100,4.07
86,Kapaa,US,2020-08-28 23:56:12,22.08,-159.32,84.2,70,1,11.41
87,Hilo,US,2020-08-28 23:56:12,19.73,-155.09,84.2,54,75,8.05
88,Te Anau,NZ,2020-08-28 23:52:09,-45.42,167.72,45.79,76,63,10.11
89,Bontang,ID,2020-08-28 23:55:22,0.13,117.5,78.49,87,39,6.15
90,Sabang,ID,2020-08-28 23:56:13,5.89,95.32,83.44,71,100,4.5
91,Husavik,IS,2020-08-28 23:56:13,66.04,-17.34,48.2,87,90,5.82
92,Abu Dhabi,AE,2020-08-28 23:51:18,24.47,54.37,95.0,63,96,6.93
93,Torbay,CA,2020-08-28 23:56:13,47.67,-52.73,60.01,76,75,17.22
94,Turbat,PK,2020-08-28 23:56:14,26.0,63.04,84.49,66,0,1.86
95,Havre-Saint-Pierre,CA,2020-08-28 23:56:14,50.23,-63.6,57.2,67,20,11.41
96,Nikolskoye,RU,2020-08-28 23:52:03,59.7,30.79,55.99,93,40,2.24
97,Aklavik,CA,2020-08-28 23:52:35,68.22,-135.01,55.4,54,40,6.93
98,Kargil,IN,2020-08-28 23:56:14,34.57,76.1,50.56,61,27,3.71
99,Ganzhou,CN,2020-08-28 23:56:15,28.82,115.43,79.18,73,1,3.27
100,Georgetown,MY,2020-08-28 23:52:11,5.41,100.34,80.01,88,20,2.24
101,Varhaug,NO,2020-08-28 23:56:15,58.61,5.65,57.99,73,61,9.55
102,Beringovskiy,RU,2020-08-28 23:52:11,63.05,179.32,50.9,84,100,15.41
103,Grindavik,IS,2020-08-28 23:56:15,63.84,-22.43,50.0,93,90,9.17
104,Lagoa,PT,2020-08-28 23:56:15,39.05,-27.98,74.03,95,1,15.61
105,Kaitangata,NZ,2020-08-28 23:56:16,-46.28,169.85,57.0,43,69,21.99
106,San Vicente,AR,2020-08-28 23:56:16,-26.62,-54.13,67.26,71,8,2.93
107,Rocha,UY,2020-08-28 23:56:16,-34.48,-54.33,56.41,96,90,4.97
108,Polis,CY,2020-08-28 23:56:16,35.04,32.43,75.2,83,0,5.82
109,La Ronge,CA,2020-08-28 23:52:43,55.1,-105.28,62.6,63,75,11.41
110,Caruaru,BR,2020-08-28 23:54:47,-8.28,-35.98,64.44,97,100,5.99
111,Hervey Bay,AU,2020-08-28 23:56:17,-25.3,152.85,69.8,49,2,14.99
112,Sisimiut,GL,2020-08-28 23:56:17,66.94,-53.67,48.88,54,87,9.31
113,Galle,LK,2020-08-28 23:56:17,6.04,80.22,80.58,81,92,13.56
114,Thiruvananthapuram,IN,2020-08-28 23:56:17,8.48,76.92,80.6,88,20,5.82
115,Tuatapere,NZ,2020-08-28 23:56:18,-46.13,167.68,45.0,72,59,11.01
116,Pangnirtung,CA,2020-08-28 23:56:18,66.15,-65.71,49.91,54,0,3.24
117,Bambanglipuro,ID,2020-08-28 23:56:18,-7.95,110.28,78.44,76,21,9.8
118,Abbeville,FR,2020-08-28 23:56:18,50.1,1.83,55.99,73,18,7.29
119,Verkhnevilyuysk,RU,2020-08-28 23:56:18,63.45,120.32,56.75,50,100,7.23
120,Aitape,PG,2020-08-28 23:56:19,-3.14,142.35,80.47,86,100,12.8
121,Dekar,BW,2020-08-28 23:56:19,-21.53,21.93,71.38,22,67,13.58
122,Port-Gentil,GA,2020-08-28 23:56:19,-0.72,8.78,77.0,88,90,14.2
123,Avarua,CK,2020-08-28 23:56:19,-21.21,-159.78,77.0,69,22,13.87
124,Arraial Do Cabo,BR,2020-08-28 23:56:19,-22.97,-42.03,71.6,78,0,13.87
125,Penhold,CA,2020-08-28 23:56:20,52.13,-113.87,75.2,31,75,9.17
126,Cherskiy,RU,2020-08-28 23:52:29,68.75,161.3,46.71,79,87,6.62
127,Caravelas,BR,2020-08-28 23:56:20,-17.71,-39.25,70.52,86,0,3.71
128,Iberia,US,2020-08-28 23:56:20,29.95,-91.75,88.0,79,1,8.05
129,Portland,US,2020-08-28 23:54:45,45.52,-122.68,84.99,37,1,8.05
130,Aksu,CN,2020-08-28 23:56:20,41.12,80.26,69.57,39,69,4.9
131,Labuhan,ID,2020-08-28 23:56:21,-6.88,112.21,78.1,79,7,10.09
132,Port Hedland,AU,2020-08-28 23:56:21,-20.32,118.57,71.6,46,14,4.7
133,Geraldton,AU,2020-08-28 23:52:05,-28.77,114.6,51.8,93,90,4.7
134,Damaturu,NG,2020-08-28 23:56:21,11.75,11.96,74.16,88,96,12.5
135,Quatre Cocos,MU,2020-08-28 23:56:21,-20.21,57.76,71.6,78,40,9.17
136,Bathsheba,BB,2020-08-28 23:56:22,13.22,-59.52,82.4,74,20,19.46
137,Preston,GB,2020-08-28 23:56:22,53.77,-2.72,51.01,82,92,3.0
138,Musoma,TZ,2020-08-28 23:56:22,-1.5,33.8,71.31,66,49,5.84
139,Puerto Ayora,EC,2020-08-28 23:56:22,-0.74,-90.35,65.57,85,46,9.62
140,Tagusao,PH,2020-08-28 23:56:22,9.19,117.81,82.56,75,64,3.38
141,Chulym,RU,2020-08-28 23:53:14,55.1,80.96,52.16,93,54,6.29
142,Kajaani,FI,2020-08-28 23:56:23,64.23,27.73,41.0,100,20,3.36
143,Laguna,US,2020-08-28 23:56:23,38.42,-121.42,97.0,24,1,8.05
144,Bandarbeyla,SO,2020-08-28 23:52:10,9.49,50.81,75.9,76,32,26.75
145,Bilibino,RU,2020-08-28 23:56:23,68.05,166.44,49.21,56,100,3.65
146,Meulaboh,ID,2020-08-28 23:56:24,4.14,96.13,75.9,87,99,4.74
147,Sioux Lookout,CA,2020-08-28 23:56:24,50.1,-91.92,66.2,63,40,13.87
148,Namatanai,PG,2020-08-28 23:56:24,-3.67,152.43,83.79,66,65,5.68
149,Palu,ID,2020-08-28 23:53:24,-0.89,119.87,81.0,70,11,2.21
150,Kapit,MY,2020-08-28 23:56:24,2.02,112.93,77.31,91,95,0.2
151,Hualmay,PE,2020-08-28 23:56:24,-11.1,-77.61,61.61,84,20,11.21
152,Chuguyevka,RU,2020-08-28 23:56:25,44.17,133.86,72.88,93,90,2.06
153,Salekhard,RU,2020-08-28 23:56:25,66.53,66.6,52.29,89,99,4.12
154,San Angelo,US,2020-08-28 23:54:57,31.46,-100.44,105.8,18,1,9.17
155,Ilebo,CD,2020-08-28 23:56:25,-4.32,20.58,73.49,77,50,1.99
156,Samarai,PG,2020-08-28 23:56:26,-10.62,150.67,78.71,87,99,14.63
157,Panaba,MX,2020-08-28 23:56:26,21.28,-88.27,86.76,67,58,10.85
158,Methoni,GR,2020-08-28 23:56:26,36.82,21.7,78.01,88,0,3.36
159,Ust-Nera,RU,2020-08-28 23:56:26,64.57,143.2,47.88,51,1,2.13
160,Airai,TL,2020-08-28 23:56:27,-8.93,125.41,67.32,58,26,5.86
161,Sinop,TR,2020-08-28 23:52:34,41.77,34.87,64.83,31,0,5.57
162,Holalkere,IN,2020-08-28 23:56:27,14.03,76.18,69.39,89,100,9.6
163,Salalah,OM,2020-08-28 23:52:32,17.02,54.09,75.2,100,90,3.36
164,Codrington,AU,2020-08-28 23:56:27,-38.27,141.97,54.5,67,0,18.07
165,Wattegama,LK,2020-08-28 23:56:28,6.8,81.48,75.58,69,81,2.59
166,Caboolture,AU,2020-08-28 23:56:28,-27.08,152.95,68.0,62,70,8.75
167,San Quintin,MX,2020-08-28 23:56:28,30.48,-115.95,76.73,63,31,12.73
168,Athabasca,CA,2020-08-28 23:55:37,54.72,-113.29,67.93,65,82,8.88
169,Vao,NC,2020-08-28 23:56:28,-22.67,167.48,68.59,79,94,20.78
170,Necochea,AR,2020-08-28 23:52:31,-38.55,-58.74,48.99,88,48,1.99
171,Deniliquin,AU,2020-08-28 23:52:35,-35.53,144.97,54.0,69,0,1.99
172,Mount Gambier,AU,2020-08-28 23:52:27,-37.83,140.77,51.8,71,0,12.75
173,Nongan,CN,2020-08-28 23:56:29,44.38,125.17,66.2,82,90,6.71
174,Touros,BR,2020-08-28 23:56:29,-5.2,-35.46,75.2,88,7,4.7
175,Auki,SB,2020-08-28 23:52:12,-8.77,160.7,86.76,64,99,2.98
176,Batagay-Alyta,RU,2020-08-28 23:56:29,67.8,130.41,52.02,45,79,1.07
177,Hovd,MN,2020-08-28 23:56:29,48.01,91.64,51.48,66,100,1.77
178,Fortuna,US,2020-08-28 23:52:50,40.6,-124.16,64.0,72,1,14.99
179,New Norfolk,AU,2020-08-28 23:56:30,-42.78,147.06,57.99,59,100,5.99
180,Semey,KZ,2020-08-28 23:56:30,50.41,80.23,50.0,100,40,4.47
181,Upernavik,GL,2020-08-28 23:52:28,72.79,-56.15,39.78,73,0,15.35
182,Bredasdorp,ZA,2020-08-28 23:56:30,-34.53,20.04,50.0,76,4,12.75
183,Mehran,IR,2020-08-28 23:56:31,33.12,46.16,68.0,28,0,2.24
184,Boyolangu,ID,2020-08-28 23:56:31,-8.12,111.89,76.73,82,58,8.32
185,Mitsamiouli,KM,2020-08-28 23:56:31,-11.38,43.28,75.07,78,12,9.01
186,East London,ZA,2020-08-28 23:56:31,-33.02,27.91,59.86,69,38,5.37
187,Iskateley,RU,2020-08-28 23:56:31,67.68,53.15,39.29,82,0,1.32
188,Hambantota,LK,2020-08-28 23:56:32,6.12,81.12,79.72,80,100,16.26
189,Umba,RU,2020-08-28 23:56:32,66.69,34.34,48.4,77,54,3.29
190,Ahipara,NZ,2020-08-28 23:56:32,-35.17,173.17,61.83,63,1,8.61
191,North Bend,US,2020-08-28 23:56:32,43.41,-124.22,81.0,72,1,26.4
192,Young,UY,2020-08-28 23:52:38,-32.68,-57.63,64.99,91,100,1.01
193,Chunskiy,RU,2020-08-28 23:56:54,56.08,99.63,54.54,79,55,0.87
194,Ankazoabo,MG,2020-08-28 23:56:54,-22.28,44.52,67.42,59,9,4.76
195,San Cristobal,VE,2020-08-28 23:56:54,7.77,-72.22,82.4,69,40,11.41
196,Tiksi,RU,2020-08-28 23:56:54,71.69,128.87,44.65,77,39,12.39
197,Eganville,CA,2020-08-28 23:56:54,45.53,-77.1,66.2,77,1,4.16
198,Guarapari,BR,2020-08-28 23:56:55,-20.67,-40.5,71.6,94,40,3.36
199,Newport,GB,2020-08-28 23:56:55,51.59,-3.0,55.0,82,98,1.99
200,Aksarka,RU,2020-08-28 23:54:43,66.56,67.8,52.14,87,100,14.32
201,Loningen,DE,2020-08-28 23:56:55,52.73,7.77,54.0,100,79,4.7
202,Saskylakh,RU,2020-08-28 23:52:09,71.92,114.08,59.99,47,0,4.03
203,Wajima,JP,2020-08-28 23:56:56,37.4,136.9,82.4,83,75,4.7
204,Isangel,VU,2020-08-28 23:52:01,-19.55,169.27,79.5,72,23,12.1
205,Severo-Kurilsk,RU,2020-08-28 23:56:56,50.68,156.12,52.81,79,59,10.22
206,Lorengau,PG,2020-08-28 23:56:56,-2.02,147.27,84.45,74,100,14.25
207,Port Blair,IN,2020-08-28 23:56:56,11.67,92.75,81.91,73,93,6.13
208,Pitea,SE,2020-08-28 23:56:57,65.32,21.48,48.2,100,79,2.24
209,Coihaique,CL,2020-08-28 23:56:57,-45.58,-72.07,32.0,93,75,2.24
210,Novovasylivka,UA,2020-08-28 23:56:57,46.83,35.75,65.64,52,0,4.41
211,Boende,CD,2020-08-28 23:56:57,-0.22,20.87,71.02,87,100,2.06
212,Souillac,MU,2020-08-28 23:52:02,-20.52,57.52,71.6,78,40,9.17
213,Vila Velha,BR,2020-08-28 23:56:58,-20.33,-40.29,71.6,94,40,3.36
214,Termiz,UZ,2020-08-28 23:56:58,37.22,67.28,62.6,59,0,4.7
215,Snezhnogorsk,RU,2020-08-28 23:56:58,69.19,33.25,42.8,87,28,4.47
216,Broome,US,2020-08-28 23:56:58,42.25,-75.83,72.0,73,75,5.82
217,Lebu,CL,2020-08-28 23:52:10,-37.62,-73.65,45.01,82,91,21.18
218,Chippewa Falls,US,2020-08-28 23:56:58,44.94,-91.39,78.8,57,1,10.29
219,Padang,ID,2020-08-28 23:56:59,-0.95,100.35,77.74,76,99,3.18
220,Lebanon,US,2020-08-28 23:56:59,36.21,-86.29,73.99,94,90,10.29
221,Bodden Town,KY,2020-08-28 23:56:59,19.28,-81.25,87.8,74,20,5.82
222,Morgan City,US,2020-08-28 23:56:59,29.7,-91.21,84.2,83,75,10.29
223,Takoradi,GH,2020-08-28 23:57:00,4.88,-1.76,74.25,90,60,8.57
224,Sitka,US,2020-08-28 23:56:11,57.05,-135.33,55.4,76,90,6.93
225,Nanortalik,GL,2020-08-28 23:57:00,60.14,-45.24,49.35,75,100,18.28
226,Soyo,AO,2020-08-28 23:57:00,-6.13,12.37,72.25,87,99,9.44
227,San Patricio,MX,2020-08-28 23:57:00,19.22,-104.7,86.0,70,75,6.08
228,Talnakh,RU,2020-08-28 23:57:00,69.49,88.4,53.6,71,56,11.18
229,Trairi,BR,2020-08-28 23:57:01,-3.28,-39.27,78.01,77,13,13.04
230,Mehamn,NO,2020-08-28 23:57:01,71.04,27.85,42.91,74,64,6.82
231,Sabirabad,AZ,2020-08-28 23:57:01,40.01,48.48,66.2,88,25,4.7
232,Flinders,AU,2020-08-28 23:57:01,-34.58,150.86,61.0,57,0,5.01
233,Nazira,IN,2020-08-28 23:54:12,26.92,94.73,77.0,94,90,4.7
234,Puerto Ayacucho,VE,2020-08-28 23:57:02,5.66,-67.62,82.4,74,40,4.7
235,Merauke,ID,2020-08-28 23:57:02,-8.47,140.33,79.39,76,100,14.56
236,Castro,BR,2020-08-28 23:57:02,-24.79,-50.01,58.71,81,0,2.48
237,Cap Malheureux,MU,2020-08-28 23:52:08,-19.98,57.61,69.01,79,2,3.0
238,Camacha,PT,2020-08-28 23:57:03,33.08,-16.33,73.4,88,40,12.75
239,Taoudenni,ML,2020-08-28 23:57:03,22.68,-3.98,97.25,9,0,11.74
240,Acapulco,MX,2020-08-28 23:53:50,16.86,-99.89,84.2,74,75,9.17
241,Kurilsk,RU,2020-08-28 23:57:03,45.23,147.88,55.31,92,100,15.59
242,Maniitsoq,GL,2020-08-28 23:57:03,65.42,-52.9,52.16,55,100,5.44
243,Acari,PE,2020-08-28 23:57:04,-15.43,-74.62,62.2,72,65,5.14
244,Cayeli,TR,2020-08-28 23:57:04,41.09,40.73,70.45,68,24,3.47
245,Olafsvik,IS,2020-08-28 23:57:04,64.89,-23.71,51.4,85,100,14.65
246,Horsham,GB,2020-08-28 23:57:04,51.06,-0.33,52.0,93,75,13.87
247,Chumikan,RU,2020-08-28 23:57:04,54.72,135.31,59.31,55,0,9.69
248,Filadelfia,US,2020-08-28 23:57:05,39.95,-75.16,73.4,88,90,6.93
249,Mahebourg,MU,2020-08-28 23:57:05,-20.41,57.7,71.6,78,40,9.17
250,Carnarvon,AU,2020-08-28 23:57:05,-24.87,113.63,60.8,100,75,9.17
251,Paamiut,GL,2020-08-28 23:57:05,61.99,-49.67,46.65,92,100,5.12
252,Buloh Kasap,MY,2020-08-28 23:57:06,2.55,102.76,77.0,88,20,1.48
253,Vaitape,PF,2020-08-28 23:57:06,-16.52,-151.75,77.13,78,12,20.24
254,Tabas,IR,2020-08-28 23:52:07,33.6,56.92,66.87,24,0,2.59
255,Ukiah,US,2020-08-28 23:55:25,39.15,-123.21,95.0,28,90,6.93
256,Abu Samrah,SY,2020-08-28 23:52:29,35.3,37.18,72.25,69,0,4.83
257,Kelo,TD,2020-08-28 23:57:06,9.31,15.81,72.12,93,100,3.13
258,Okhotsk,RU,2020-08-28 23:57:07,59.38,143.3,55.71,60,55,6.38
259,Bethel,US,2020-08-28 23:57:07,41.37,-73.41,75.99,88,42,2.48
260,Neiafu,TO,2020-08-28 23:57:07,-18.65,-173.98,80.6,61,20,16.11
261,Vila Franca Do Campo,PT,2020-08-28 23:52:42,37.72,-25.43,75.2,83,20,6.93
262,Cabedelo,BR,2020-08-28 23:57:07,-6.98,-34.83,75.2,94,78,5.82
263,Qui Nhon,VN,2020-08-28 23:57:07,13.77,109.23,80.89,75,99,5.37
264,Karpogory,RU,2020-08-28 23:57:08,64.0,44.45,49.21,79,93,7.23
265,Cabo San Lucas,MX,2020-08-28 23:53:00,22.89,-109.91,79.0,88,90,3.36
266,Allende,MX,2020-08-28 23:52:09,25.28,-100.02,95.0,44,5,8.05
267,Andilamena,MG,2020-08-28 23:57:08,-17.02,48.58,56.14,96,50,5.91
268,Cidreira,BR,2020-08-28 23:57:08,-30.18,-50.21,64.83,78,78,8.95
269,Natchez,US,2020-08-28 23:54:38,31.56,-91.4,80.6,83,40,11.41
270,Burns Lake,CA,2020-08-28 23:57:09,54.23,-125.75,62.11,32,69,11.01
271,Kruisfontein,ZA,2020-08-28 23:52:26,-34.0,24.73,48.99,86,7,1.01
272,Sumbe,AO,2020-08-28 23:57:09,-11.21,13.84,68.76,84,97,4.88
273,Vanimo,PG,2020-08-28 23:57:09,-2.67,141.3,78.12,90,100,14.27
274,Alihe,CN,2020-08-28 23:57:10,50.57,123.72,51.85,81,100,6.02
275,Karasjok,NO,2020-08-28 23:57:10,69.47,25.51,42.8,81,79,19.46
276,Zhangye,CN,2020-08-28 23:57:10,38.93,100.45,55.53,75,100,6.31
277,Port Lincoln,AU,2020-08-28 23:52:24,-34.73,135.87,62.06,45,0,22.26
278,Mar Del Plata,AR,2020-08-28 23:57:10,-38.0,-57.56,55.99,93,75,5.82
279,Luorong,CN,2020-08-28 23:57:11,24.41,109.61,81.14,73,0,1.54
280,Baoqing,CN,2020-08-28 23:57:11,46.33,132.21,59.31,92,100,7.78
281,Narendranagar,IN,2020-08-28 23:57:11,30.17,78.3,66.38,95,0,3.27
282,Provideniya,RU,2020-08-28 23:57:11,64.38,-173.3,51.8,76,75,6.71
283,Nuuk,GL,2020-08-28 23:57:11,64.18,-51.72,57.2,44,100,3.36
284,Ponta Do Sol,PT,2020-08-28 23:57:12,32.67,-17.1,75.2,69,20,16.11
285,Kamenka,RU,2020-08-28 23:57:12,51.32,42.77,58.03,91,65,6.46
286,Rovaniemi,FI,2020-08-28 23:57:12,66.5,25.72,46.4,81,56,3.36
287,Tolaga Bay,NZ,2020-08-28 23:57:12,-38.37,178.3,61.3,54,33,8.72
288,Blackwater,AU,2020-08-28 23:57:13,-23.58,148.88,69.8,36,0,15.08
289,Goderich,CA,2020-08-28 23:57:13,43.75,-81.72,73.99,85,88,6.69
290,Sao Filipe,CV,2020-08-28 23:57:13,14.9,-24.5,80.4,81,90,3.74
291,College,US,2020-08-28 23:57:13,64.86,-147.8,62.01,71,75,1.9
292,Lucapa,AO,2020-08-28 23:57:13,-8.42,20.74,70.92,63,70,3.69
293,Bayanday,RU,2020-08-28 23:57:14,53.07,105.51,53.11,94,100,2.42
294,Solnechnyy,RU,2020-08-28 23:57:14,50.72,136.63,57.22,58,37,8.46
295,Skjervoy,NO,2020-08-28 23:57:14,70.03,20.97,49.05,73,69,12.17
296,Yeppoon,AU,2020-08-28 23:57:14,-23.13,150.73,69.8,49,0,12.75
297,Beinamar,TD,2020-08-28 23:57:14,8.67,15.38,70.48,96,94,6.8
298,Sola,VU,2020-08-28 23:52:15,-13.88,167.55,79.61,84,100,15.12
299,Broken Hill,AU,2020-08-28 23:57:15,-31.95,141.43,59.0,28,0,13.87
300,Savannah Bight,HN,2020-08-28 23:57:15,16.45,-85.85,85.33,76,52,30.91
301,Bonavista,CA,2020-08-28 23:53:03,48.65,-53.11,57.0,80,52,11.01
302,Itarema,BR,2020-08-28 23:57:15,-2.92,-39.92,78.46,78,25,17.29
303,Bahir Dar,ET,2020-08-28 23:57:15,11.59,37.39,59.86,92,87,4.72
304,Certeju De Sus,RO,2020-08-28 23:57:16,45.97,22.97,60.39,60,48,2.98
305,Saint Anthony,US,2020-08-28 23:57:16,45.02,-93.22,79.0,61,40,10.29
306,Ketchikan,US,2020-08-28 23:56:57,55.34,-131.65,55.4,87,75,16.11
307,Honiara,SB,2020-08-28 23:57:16,-9.43,159.95,86.0,74,75,3.36
308,Sunrise Manor,US,2020-08-28 23:52:48,36.21,-115.07,107.6,8,1,12.75
309,Nouadhibou,MR,2020-08-28 23:57:16,20.93,-17.03,78.8,83,6,8.05
310,Los Llanos De Aridane,ES,2020-08-28 23:57:17,28.66,-17.92,77.0,78,7,16.11
311,Khorixas,NA,2020-08-28 23:57:17,-20.37,14.97,41.76,86,0,5.03
312,Mandalgovi,MN,2020-08-28 23:52:46,45.76,106.27,54.37,71,71,8.32
313,Namibe,AO,2020-08-28 23:57:17,-15.2,12.15,59.13,82,78,7.58
314,Maningrida,AU,2020-08-28 23:57:17,-12.07,134.27,78.24,53,90,14.56
315,Borogontsy,RU,2020-08-28 23:57:18,62.67,131.17,59.72,48,51,3.15
316,Deputatskiy,RU,2020-08-28 23:57:18,69.3,139.9,42.03,71,86,4.07
317,Grootfontein,NA,2020-08-28 23:57:18,-19.57,18.12,59.27,34,10,11.74
318,Tecuala,MX,2020-08-28 23:57:18,22.4,-105.46,80.69,88,100,2.59
319,Huarmey,PE,2020-08-28 23:57:18,-10.07,-78.15,62.31,83,10,10.16
320,Saint George,US,2020-08-28 23:55:41,37.1,-113.58,102.2,10,1,16.11
321,Gazanjyk,TM,2020-08-28 23:57:19,39.24,55.52,73.8,21,0,7.76
322,Gisors,FR,2020-08-28 23:57:19,49.28,1.78,55.4,93,40,4.7
323,Kuandian,CN,2020-08-28 23:57:19,40.73,124.78,73.35,87,96,0.04
324,Vostok,RU,2020-08-28 23:57:19,46.49,135.88,57.92,99,100,6.73
325,Srivardhan,IN,2020-08-28 23:57:19,18.03,73.02,77.83,87,100,7.02
326,Berlevag,NO,2020-08-28 23:57:20,70.86,29.09,44.47,69,44,6.82
327,Richards Bay,ZA,2020-08-28 23:57:20,-28.78,32.04,65.08,85,89,0.96
328,Dovers,VC,2020-08-28 23:57:20,12.88,-61.18,84.2,74,40,13.87
329,Srednekolymsk,RU,2020-08-28 23:57:20,67.45,153.68,44.02,87,100,1.01
330,Port Hardy,CA,2020-08-28 23:52:29,50.7,-127.42,60.8,72,90,10.29
331,Toora-Khem,RU,2020-08-28 23:57:21,52.47,96.11,49.55,93,100,1.99
332,Umm Lajj,SA,2020-08-28 23:57:21,25.02,37.27,82.22,69,0,6.13
333,Ashland,US,2020-08-28 23:57:21,40.82,-82.27,70.0,100,90,3.36
334,Huntington,US,2020-08-28 23:52:37,38.42,-82.45,81.0,94,75,2.98
335,Constitucion,CL,2020-08-28 23:57:22,-35.33,-72.42,51.08,90,100,12.5
336,Faya,SA,2020-08-28 23:57:22,18.39,42.45,69.8,88,6,6.93
337,Floro,NO,2020-08-28 23:57:22,61.6,5.03,53.6,81,10,3.36
338,Ilulissat,GL,2020-08-28 23:57:22,69.22,-51.1,46.4,45,86,9.17
339,Ternate,ID,2020-08-28 23:57:22,0.8,127.4,82.27,75,68,8.08
340,Camopi,GF,2020-08-28 23:57:23,3.17,-52.32,74.07,95,63,2.84
341,Muravlenko,RU,2020-08-28 23:57:23,63.79,74.52,52.79,95,73,2.55
342,Havelock,US,2020-08-28 23:57:23,34.88,-76.9,82.99,88,99,1.99
343,Raga,SS,2020-08-28 23:57:23,8.46,25.68,70.18,95,100,4.63
344,Harper,LR,2020-08-28 23:57:23,4.38,-7.72,76.15,85,53,9.04
345,Nemuro,JP,2020-08-28 23:57:24,43.32,145.57,69.8,88,75,12.75
346,Datong,CN,2020-08-28 23:57:08,40.09,113.29,70.88,61,19,4.41
347,Kurumkan,RU,2020-08-28 23:57:24,54.3,110.3,54.09,83,100,5.1
348,Bay City,US,2020-08-28 23:53:22,43.59,-83.89,77.0,83,40,4.7
349,Juneau,US,2020-08-28 23:57:24,58.3,-134.42,53.6,87,90,19.46
350,Miraflores,MX,2020-08-28 23:57:25,19.22,-98.81,68.0,56,75,10.29
351,Avera,US,2020-08-28 23:57:25,33.19,-82.53,86.0,79,40,3.36
352,Hithadhoo,MV,2020-08-28 23:57:25,-0.6,73.08,81.99,64,100,7.58
353,Vangaindrano,MG,2020-08-28 23:53:16,-23.35,47.6,67.87,90,33,4.34
354,Jalu,LY,2020-08-28 23:57:25,29.03,21.55,78.17,61,0,10.83
355,Mizdah,LY,2020-08-28 23:57:26,31.45,12.98,70.86,66,0,11.03
356,Sergeyevka,KZ,2020-08-28 23:57:26,53.88,67.42,61.81,89,49,4.45
357,Les Cayes,HT,2020-08-28 23:57:26,18.2,-73.75,81.34,80,7,2.37
358,Ust-Kuyga,RU,2020-08-28 23:57:26,70.02,135.6,50.49,55,29,2.82
359,Marrakesh,MA,2020-08-28 23:57:26,31.63,-8.01,75.2,57,0,6.93
360,Visby,SE,2020-08-28 23:57:27,57.64,18.3,57.99,76,100,5.82
361,Caranavi,BO,2020-08-28 23:57:27,-15.82,-67.55,68.61,60,6,2.21
362,Melbu,NO,2020-08-28 23:57:27,68.5,14.83,46.4,81,75,4.7
363,Muros,ES,2020-08-28 23:52:38,42.78,-9.06,57.0,92,5,1.01
364,Costinesti,RO,2020-08-28 23:57:27,43.95,28.63,69.8,94,5,4.7
365,The Valley,AI,2020-08-28 23:57:28,18.22,-63.06,84.99,74,20,10.29
366,Odessa,UA,2020-08-28 23:56:28,46.48,30.73,64.4,93,33,2.26
367,Lekoni,GA,2020-08-28 23:57:28,-1.58,14.26,72.21,88,100,9.91
368,Palauig,PH,2020-08-28 23:57:28,15.44,119.9,83.7,76,100,3.58
369,Vermilion,US,2020-08-28 23:57:28,40.17,-87.75,84.2,70,1,4.7
370,Rawson,AR,2020-08-28 23:57:28,-43.3,-65.1,45.59,50,64,18.43
371,Mokolo,CM,2020-08-28 23:57:29,10.74,13.8,68.85,93,99,7.2
372,Suhbaatar,MN,2020-08-28 23:57:29,50.23,106.21,56.3,78,100,2.44
373,Tongling,CN,2020-08-28 23:57:29,30.95,117.78,77.11,85,10,3.44
374,Graaff-Reinet,ZA,2020-08-28 23:57:29,-32.25,24.53,46.0,48,0,9.37
375,Lasa,IT,2020-08-28 23:57:30,46.62,10.7,61.0,100,75,6.93
376,Lavrentiya,RU,2020-08-28 23:57:30,65.58,-171.0,50.0,76,71,2.57
377,Saint-Denis,FR,2020-08-28 23:57:30,48.92,2.33,57.99,87,50,5.82
378,Morros,BR,2020-08-28 23:57:30,-9.45,-46.3,76.98,27,3,4.18
379,Hailar,CN,2020-08-28 23:57:31,49.2,119.7,50.95,91,100,12.86
380,La Palma,US,2020-08-28 23:57:31,33.85,-118.05,87.8,38,1,5.82
381,Hauterive,FR,2020-08-28 23:57:31,46.09,3.45,59.0,87,82,6.93
382,Winslow,US,2020-08-28 23:57:31,35.02,-110.7,73.4,46,90,10.29
383,Prince George,CA,2020-08-28 23:56:37,53.92,-122.75,61.0,72,40,9.17
384,Luderitz,NA,2020-08-28 23:57:31,-26.65,15.16,54.32,81,0,5.12
385,Pisco,PE,2020-08-28 23:52:43,-13.7,-76.22,63.0,82,40,14.99
386,Dongsheng,CN,2020-08-28 23:57:32,39.82,109.98,67.19,69,78,7.02
387,Ngunguru,NZ,2020-08-28 23:57:32,-35.62,174.5,57.99,3,8,3.0
388,Ilo,PE,2020-08-28 23:57:32,-17.64,-71.34,60.64,81,49,7.52
389,Qostanay,KZ,2020-08-28 23:57:32,53.17,63.58,60.8,77,99,6.71
390,Northport,US,2020-08-28 23:57:33,33.23,-87.58,82.4,78,1,12.75
391,Mataram,ID,2020-08-28 23:54:19,-8.58,116.12,78.8,83,20,11.41
392,Adrar,MR,2020-08-28 23:57:33,20.5,-10.07,93.45,33,29,22.3
393,Garowe,SO,2020-08-28 23:57:33,8.41,48.48,74.43,66,26,24.05
394,Gizo,SB,2020-08-28 23:57:34,-8.1,156.84,82.85,72,92,5.12
395,Ucluelet,CA,2020-08-28 23:57:34,48.93,-125.55,68.0,77,40,11.41
396,Faanui,PF,2020-08-28 23:57:34,-16.48,-151.75,76.35,79,13,20.36
397,Logansport,US,2020-08-28 23:57:34,40.75,-86.36,80.6,83,1,9.17
398,Cairns,AU,2020-08-28 23:57:34,-16.92,145.77,73.4,69,75,19.46
399,Zafra,ES,2020-08-28 23:57:35,38.42,-6.42,63.0,56,17,8.01
400,Petatlan,MX,2020-08-28 23:57:35,17.52,-101.27,86.0,70,75,13.87
401,Mahuva,IN,2020-08-28 23:57:35,21.09,71.76,79.47,89,100,11.07
402,Kavaratti,IN,2020-08-28 23:57:35,10.57,72.64,81.7,78,100,12.8
403,Pangkalanbuun,ID,2020-08-28 23:52:52,-2.68,111.62,76.39,92,43,3.24
404,Ubinskoye,RU,2020-08-28 23:57:36,55.31,79.68,52.66,92,43,7.29
405,Pemangkat,ID,2020-08-28 23:57:36,1.17,108.97,77.67,89,99,7.99
406,Beroroha,MG,2020-08-28 23:57:36,-21.67,45.17,67.62,73,5,3.78
407,Khandagayty,RU,2020-08-28 23:57:36,50.73,92.05,50.05,76,100,7.07
408,Malakal,SS,2020-08-28 23:57:36,9.53,31.66,73.81,89,100,2.39
409,Kungurtug,RU,2020-08-28 23:52:50,50.6,97.52,48.52,85,100,1.7
410,Xining,CN,2020-08-28 23:57:37,36.62,101.77,58.17,74,100,5.97
411,Flin Flon,CA,2020-08-28 23:57:37,54.77,-101.86,62.6,77,75,3.36
412,Dengfeng,CN,2020-08-28 23:57:37,34.46,113.03,78.01,1,0,3.74
413,Sechura,PE,2020-08-28 23:57:37,-5.56,-80.82,64.63,78,7,16.55
414,Tual,ID,2020-08-28 23:57:38,-5.67,132.75,79.41,82,24,22.39
415,Caraballeda,VE,2020-08-28 23:57:38,10.61,-66.85,73.0,72,7,5.41
416,Pochutla,MX,2020-08-28 23:57:38,15.74,-96.47,80.6,74,90,0.69
417,Puerto Suarez,BO,2020-08-28 23:57:38,-18.95,-57.8,85.44,21,1,3.22
418,Sakakah,SA,2020-08-28 23:57:38,29.97,40.21,86.0,13,0,9.17
419,Bossangoa,CF,2020-08-28 23:57:39,6.49,17.46,70.14,94,100,2.82
420,Ca Mau,VN,2020-08-28 23:57:39,9.18,105.15,81.34,80,45,4.85
421,Hasaki,JP,2020-08-28 23:57:39,35.73,140.83,88.0,74,20,5.82
422,Krasnoselkup,RU,2020-08-28 23:57:39,65.7,82.47,53.17,84,4,3.74
423,Saint-Joseph,RE,2020-08-28 23:52:53,-21.37,55.62,69.8,68,20,5.82
424,Xiongyue,CN,2020-08-28 23:57:39,40.18,122.12,72.41,83,9,6.6
425,Zhangjiakou,CN,2020-08-28 23:57:40,40.81,114.88,69.46,72,2,2.55
426,Chapais,CA,2020-08-28 23:57:40,49.78,-74.85,59.0,51,90,6.93
427,Chalmette,US,2020-08-28 23:57:40,29.94,-89.96,87.01,78,75,12.75
428,Ozernovskiy,RU,2020-08-28 23:57:40,51.5,156.52,50.07,92,94,4.32
429,Matara,LK,2020-08-28 23:57:41,5.95,80.54,79.54,82,95,11.72
430,Lata,PT,2020-08-28 23:57:41,40.16,-8.33,62.01,77,62,1.01
431,Manokwari,ID,2020-08-28 23:57:41,-0.87,134.08,80.73,76,100,8.55
432,Tukrah,LY,2020-08-28 23:57:41,32.53,20.58,75.43,77,0,5.68
433,Omura,JP,2020-08-28 23:57:41,32.92,129.95,80.6,88,20,3.36
434,Bengkulu,ID,2020-08-28 23:57:42,-3.8,102.27,76.39,81,94,5.26
435,Nara,JP,2020-08-28 23:57:42,34.69,135.8,87.01,74,20,4.7
436,Pizhanka,RU,2020-08-28 23:57:42,57.46,48.54,58.44,95,85,8.68
437,Erzin,TR,2020-08-28 23:57:42,36.96,36.2,80.01,87,0,2.75
438,Khasan,RU,2020-08-28 23:57:42,42.43,130.64,75.11,89,75,4.92
439,Kosh-Agach,RU,2020-08-28 23:57:43,50.0,88.67,41.29,83,90,3.24
440,Valparaiso,CL,2020-08-28 23:55:41,-33.04,-71.63,51.8,81,75,3.36
441,Kununurra,AU,2020-08-28 23:57:43,-15.77,128.73,80.6,22,6,19.46
442,Paducah,US,2020-08-28 23:57:43,37.08,-88.6,77.0,83,75,6.93
443,Jizan,SA,2020-08-28 23:57:43,17.33,42.67,89.6,66,40,6.08
444,Russell,US,2020-08-28 23:57:44,32.35,-85.2,80.6,94,90,6.64
445,Astoria,US,2020-08-28 23:57:44,46.19,-123.83,72.0,68,1,18.34
446,Udachnyy,RU,2020-08-28 23:57:44,66.42,112.4,46.4,49,75,6.71
447,Yambio,SS,2020-08-28 23:52:52,4.57,28.4,66.96,95,68,2.15
448,Binghamton,US,2020-08-28 23:57:30,42.1,-75.92,73.99,73,75,5.82
449,Panjab,AF,2020-08-28 23:57:44,34.39,67.02,46.18,63,0,2.3
450,Aden,YE,2020-08-28 23:57:45,12.78,45.04,88.66,59,46,7.52
451,Louis Trichardt,ZA,2020-08-28 23:57:45,-23.04,29.9,68.07,28,0,5.86
452,Poya,NC,2020-08-28 23:57:45,-21.35,165.15,72.3,76,95,12.44
453,Aykhal,RU,2020-08-28 23:57:46,66.0,111.5,46.4,49,75,6.71
454,Nizhniy Kuranakh,RU,2020-08-28 23:57:46,58.84,125.49,58.28,50,71,3.15
455,Batemans Bay,AU,2020-08-28 23:56:46,-35.72,150.18,63.0,76,0,3.94
456,Alofi,NU,2020-08-28 23:57:46,-19.06,-169.92,78.8,61,89,20.8
457,Marawi,PH,2020-08-28 23:57:46,8.0,124.29,78.01,79,85,5.01
458,Puro,PH,2020-08-28 23:57:47,12.48,123.38,84.45,77,100,9.78
459,Okha,RU,2020-08-28 23:53:15,53.57,142.95,58.26,73,0,13.89
460,Karratha,AU,2020-08-28 23:57:47,-20.74,116.85,83.14,24,13,13.58
461,Nago,JP,2020-08-28 23:57:47,26.59,127.98,84.2,89,1,12.75
462,Bartica,GY,2020-08-28 23:52:52,6.4,-58.62,80.6,88,20,4.7
463,Port-Cartier,CA,2020-08-28 23:57:47,50.03,-66.87,59.0,54,75,14.99
464,Yaan,NG,2020-08-28 23:57:48,7.38,8.57,71.15,97,99,6.96
465,Cao Bang,VN,2020-08-28 23:57:48,22.67,106.25,78.26,88,63,0.43
466,Kalabo,ZM,2020-08-28 23:57:48,-14.97,22.68,67.71,57,1,3.69
467,Mikuni,JP,2020-08-28 23:57:48,36.22,136.15,84.2,79,75,2.24
468,Gopalpur,IN,2020-08-28 23:57:48,19.27,84.92,80.76,84,67,5.66
469,Hami,CN,2020-08-28 23:57:49,42.8,93.45,65.97,40,58,15.64
470,Zhigansk,RU,2020-08-28 23:57:49,66.77,123.37,57.15,54,94,8.32
471,Whitehorse,CA,2020-08-28 23:55:00,60.72,-135.05,50.0,87,90,3.36
472,Elko,US,2020-08-28 23:57:49,41.0,-115.5,90.0,11,1,4.7
473,Kloulklubed,PW,2020-08-28 23:57:49,7.04,134.26,84.2,79,75,5.82
474,Opotiki,NZ,2020-08-28 23:57:50,-38.08,177.28,60.01,75,94,5.01
475,Macusani,PE,2020-08-28 23:57:50,-14.08,-70.43,40.64,71,53,3.58
476,Batagay,RU,2020-08-28 23:57:50,67.63,134.63,56.77,38,2,1.83
477,Mezen,RU,2020-08-28 23:57:50,65.85,44.24,41.77,87,46,5.32
478,Vanderhoof,CA,2020-08-28 23:57:50,54.02,-124.02,64.54,37,100,10.07
479,Fairbanks,US,2020-08-28 23:53:34,64.84,-147.72,62.01,82,75,4.7
480,Bell Ville,AR,2020-08-28 23:57:51,-32.63,-62.69,66.0,73,1,5.7
481,Salinopolis,BR,2020-08-28 23:57:51,-0.61,-47.36,79.54,84,79,11.63
482,Nixa,US,2020-08-28 23:53:19,37.04,-93.29,89.01,54,2,4.92
483,Puqi,CN,2020-08-28 23:57:51,29.72,113.88,79.23,73,0,0.96
484,Yar-Sale,RU,2020-08-28 23:57:51,66.83,70.83,52.3,89,97,17.63
485,Rumphi,MW,2020-08-28 23:57:52,-11.02,33.86,63.86,62,0,5.59
486,Samfya,ZM,2020-08-28 23:57:52,-11.36,29.56,65.3,52,54,5.06
487,Zilupe,LV,2020-08-28 23:57:52,56.39,28.12,48.11,94,36,2.42
488,Bighapur,IN,2020-08-28 23:57:52,26.35,80.68,80.6,88,75,9.17
489,Kitui,KE,2020-08-28 23:57:53,-1.37,38.01,59.25,95,25,4.81
490,Kahuta,PK,2020-08-28 23:57:53,33.59,73.39,71.6,100,20,5.12
491,Waingapu,ID,2020-08-28 23:57:53,-9.66,120.26,80.58,58,1,15.46
492,Zeya,RU,2020-08-28 23:57:53,53.75,127.27,58.5,58,67,5.68
493,Kadi,IN,2020-08-28 23:57:53,23.3,72.33,80.6,100,75,5.82
494,Harwich,GB,2020-08-28 23:57:54,51.94,1.28,54.0,84,50,1.99
495,Tshikapa,CD,2020-08-28 23:57:54,-6.42,20.8,76.12,63,5,1.81
496,Nyuzen,JP,2020-08-28 23:57:54,36.93,137.5,90.0,62,40,2.24
497,Bowen,AU,2020-08-28 23:57:54,-20.02,148.23,73.4,60,40,20.8
498,Dhemaji,IN,2020-08-28 23:57:54,27.48,94.58,77.0,94,90,4.7
499,Chimbote,PE,2020-08-28 23:57:55,-9.09,-78.58,61.54,86,7,9.62
500,Logan,US,2020-08-28 23:56:27,41.74,-111.83,91.0,14,1,3.36
501,Little Current,CA,2020-08-28 23:57:55,45.98,-81.92,62.6,82,90,9.17
502,Rio Grande,BR,2020-08-28 23:57:55,-32.03,-52.1,62.6,93,90,5.82
503,Marang,MY,2020-08-28 23:57:55,5.21,103.21,77.0,94,20,2.24
504,Uyuni,BO,2020-08-28 23:57:56,-20.46,-66.83,49.51,35,6,11.27
505,Saint-Augustin,CA,2020-08-28 23:57:56,51.23,-58.65,52.54,74,57,12.57
506,Colac,AU,2020-08-28 23:57:56,-38.33,143.58,52.0,74,3,1.99
507,Port Augusta,AU,2020-08-28 23:57:56,-32.5,137.77,64.99,39,0,9.17
508,Nova Olimpia,BR,2020-08-28 23:57:56,-14.8,-57.29,84.58,17,21,3.15
509,Hidiselu De Sus,RO,2020-08-28 23:57:57,46.95,22.05,62.6,82,2,6.93
510,Alice Springs,AU,2020-08-28 23:54:43,-23.7,133.88,59.0,19,0,15.43
511,Shimoda,JP,2020-08-28 23:57:57,34.67,138.95,86.0,83,20,6.93
512,Suez,EG,2020-08-28 23:57:57,29.97,32.53,74.35,82,0,9.44
513,Bonito,BR,2020-08-28 23:57:57,-21.12,-56.48,77.22,38,0,2.06
514,Port Said,EG,2020-08-28 23:57:58,31.26,32.28,77.0,83,0,9.17
515,Mujiayingzi,CN,2020-08-28 23:57:58,42.12,118.78,63.79,82,88,1.41
516,Aracuai,BR,2020-08-28 23:57:58,-16.85,-42.07,70.16,68,18,4.27
517,Homer,US,2020-08-28 23:56:06,59.64,-151.55,57.99,82,1,11.41
518,Noumea,NC,2020-08-28 23:56:12,-22.28,166.46,71.6,68,90,13.87
519,Kumba,CM,2020-08-28 23:54:54,4.64,9.45,70.41,94,100,3.71
520,Male,MV,2020-08-28 23:57:58,4.17,73.51,78.8,83,75,8.05
521,Energeticheskiy,KZ,2020-08-28 23:57:59,43.43,77.02,51.8,81,0,2.24
522,Mirnyy,RU,2020-08-28 23:57:59,62.54,113.96,48.2,61,40,4.47
523,Cordoba,AR,2020-08-28 23:56:50,-31.41,-64.18,68.0,67,0,3.36
524,Lethem,GY,2020-08-28 23:57:59,3.38,-59.8,80.2,73,72,2.42
525,Porto Novo,BJ,2020-08-28 23:56:29,6.5,2.6,77.0,88,75,12.75
526,Champerico,GT,2020-08-28 23:58:00,14.3,-91.92,86.0,74,75,9.17
527,Egvekinot,RU,2020-08-28 23:58:00,66.32,-179.17,47.52,67,92,11.16
528,Kupang,ID,2020-08-28 23:58:00,-10.17,123.58,78.8,47,20,8.05
529,Kemlya,RU,2020-08-28 23:58:00,54.7,45.24,57.88,93,59,5.53
530,San Benedetto Del Tronto,IT,2020-08-28 23:58:01,42.95,13.88,72.0,47,0,3.0
531,Zlitan,LY,2020-08-28 23:58:01,32.47,14.57,76.71,77,0,9.37
532,Maneadero,MX,2020-08-28 23:58:01,31.72,-116.57,82.0,40,9,3.0
533,Zehdenick,DE,2020-08-28 23:58:01,52.98,13.33,61.0,91,100,4.83
534,Gavrilovka Vtoraya,RU,2020-08-28 23:58:01,52.88,42.77,58.68,90,93,5.28
535,Leo,BF,2020-08-28 23:58:02,11.1,-2.1,72.19,94,92,7.56
536,Erdemli,TR,2020-08-28 23:58:02,36.6,34.31,80.08,56,0,5.41
537,Baykit,RU,2020-08-28 23:58:02,61.67,96.37,52.68,82,22,1.43
538,Pacific Grove,US,2020-08-28 23:56:26,36.62,-121.92,72.0,56,1,12.75
539,Mae Ramat,TH,2020-08-28 23:58:02,16.98,98.52,77.0,94,75,1.41
540,Kyzyl-Suu,KG,2020-08-28 23:58:02,42.34,78.0,49.53,50,0,2.33
541,Smirnykh,RU,2020-08-28 23:58:03,49.75,142.83,59.32,78,77,7.11
542,Shache,CN,2020-08-28 23:58:03,38.42,77.24,59.88,47,5,5.99
543,Tanda,IN,2020-08-28 23:58:03,26.55,82.65,76.87,88,32,10.4
544,Yulara,AU,2020-08-28 23:58:03,-25.24,130.99,59.0,19,0,10.29
545,Sobolevo,RU,2020-08-28 23:58:04,54.43,31.9,48.07,95,6,6.53
546,Brae,GB,2020-08-28 23:58:04,60.4,-1.35,50.0,76,53,14.99
547,Kavieng,PG,2020-08-28 23:58:04,-2.57,150.8,83.48,75,92,12.3
548,Etchoropo,MX,2020-08-28 23:58:04,26.77,-109.67,93.0,66,11,10.0
549,Boa Vista,BR,2020-08-28 23:58:04,2.82,-60.67,78.8,88,75,4.7
550,Bihariganj,IN,2020-08-28 23:58:05,25.73,86.98,79.45,86,33,4.94
551,Elizabeth City,US,2020-08-28 23:58:05,36.29,-76.25,89.6,70,1,10.29
552,Canavieiras,BR,2020-08-28 23:58:05,-15.68,-38.95,70.59,88,2,3.67
553,Sao Jose Da Coroa Grande,BR,2020-08-28 23:58:05,-8.9,-35.15,74.46,87,91,6.93
554,Ugra,RU,2020-08-28 23:58:06,54.78,34.33,49.17,98,13,4.94
555,Akdepe,TM,2020-08-28 23:58:06,42.06,59.38,68.0,48,0,6.93
556,Kongwa,TZ,2020-08-28 23:58:06,-6.2,36.42,59.58,87,68,4.32
557,Berbera,SO,2020-08-28 23:58:06,10.44,45.01,92.64,44,100,14.32
558,Wanxian,CN,2020-08-28 23:58:06,30.8,108.39,80.51,71,5,4.03
559,Wenling,CN,2020-08-28 23:58:07,28.37,121.36,81.0,72,97,5.7
560,Arman,RU,2020-08-28 23:58:07,59.7,150.17,55.67,48,93,13.2
